Model,Accuracy,Precision,Recall,F1-Score,ROC-AUC
Naive Bayes,0.9032258064516129,0.9025641025641026,0.8979591836734694,0.9002557544757033,0.9538105097111309
Logistic Regression,0.8957816377171216,0.9052631578947369,0.8775510204081632,0.8911917098445595,0.9535886818495514
Random Forest,0.8461538461538461,0.8489583333333334,0.8316326530612245,0.8402061855670103,0.9186014985704427
LSTM (Word2Vec),0.7816377171215881,0.77,0.7857142857142857,0.7777777777777778,0.863008971704624
