Model,Train F1,Test F1,Gap
Naive Bayes,0.9713963936128139,0.9031399254306227,0.06825646818219122
Logistic Regression,0.9713888352327603,0.8955958549222798,0.07579298031048054
Random Forest,1.0,0.8459404133576678,0.1540595866423322
LSTM (Word2Vec),0.9496465295257599,0.8312145848731214,0.11843194465263851
