Model,Train F1,Test F1,Gap
Naive Bayes,0.9753168130630703,0.8550407287378471,0.12027608432522319
Logistic Regression,0.9463817984378475,0.8118291795524832,0.1345526188853643
Random Forest,1.0,0.8061911022238917,0.19380889777610832
LSTM (Word2Vec),0.9329864229323838,0.8454777949175936,0.0875086280147902
