Model,Accuracy,Precision,Recall,F1-Score,ROC-AUC
Naive Bayes,0.879154078549849,0.856,0.981651376146789,0.9145299145299145,0.9564829097994642
Logistic Regression,0.8398791540785498,0.8089887640449438,0.9908256880733946,0.8907216494845361,0.9556304294876999
Random Forest,0.8580060422960725,0.8461538461538461,0.9587155963302753,0.8989247311827957,0.9121742307380044
LSTM (Word2Vec),0.8549848942598187,0.8935185185185185,0.8853211009174312,0.8894009216589862,0.9276609564017212
